article_id,title,journal,abstract_present,topics,methods,data_sources,uncertainty,best_profile,best_overall,evidence,my_judgement_相关吗,my_notes
49163,Toward a Configural Theory of Job Demands and Resources,Academy of Management Journal,True,job demands-resources; configural theory; employee outcomes,variable-centered approach; configural approach,,True,employee_wellbeing,75.9,"Job demands-resources research has largely adopted a variable-centered approach to test main and interactive effects of demands and resources on employee outcomes. | However, this approach cannot det...",,
7100,Exploring the role of cognitive job demands in job demands‐resources theory,Journal of Occupational and Organizational Psychology,True,cognitive job demands; job demands-resources theory; conceptual paper,conceptual paper,,False,employee_wellbeing,55.6,Cognitive job demands in the JD‐R theory are surprisingly underexplored. | we lack a comprehensive understanding of how cognitive job demands affect employee well‐being and do not have a widely accepted definition of these demands.,,
70866,Untangling human resource management and employee wellbeing relationships: Differentiating job resource HR practices fro,Human Resource Management Journal,True,HR practices and employee wellbeing; job resource HR practices; challenge demand HR practices,survey; structural equation modeling,"National Workplace Survey of Employees, Ireland",False,employee_wellbeing,83.6,job resource HR practices are positively associated with all three dimensions of wellbeing both directly and indirectly | challenge demand HR practices are positively associated with psychological wellbeing but negatively associated with physical wellbeing and social wellbeing primarily through the ,,
106727,Text Preprocessing for Text Mining in Organizational Research: Review and Recommendations,Organizational Research Methods,True,text preprocessing; text mining; natural language processing,text mining; computational linguistics; review,,False,digital_trace_methods,78.5,"decisions made during text preprocessing affect whether the content and/or style of language are captured, the statistical power of subsequent analyses, and the validity of insights derived from text mining | we conduct two complementary reviews of computational linguistics and organizational text m",,
19918,Strategic Human Resource Management in the Era of Algorithmic Technologies: Key Insights and Future Research Agenda,Human Resource Management,True,algorithmic technologies in HRM; AI in HRM; technology-work relations,review,,False,ai_in_organizations,66.1,"how algorithmic technologies are reshaping three key areas: (1) work structures and design, (2) HR delivery activities, and (3) the management of technology workers | Using a threefold conceptualization of technology—the tool view, proxy view, and ensemble view",,
70895,Smarter people analytics with organizational text data: Demonstrations using classic and advanced NLP models,Human Resource Management Journal,True,people analytics; text mining; NLP in HRM,text mining; NLP; Bag-of-Words; Doc2Vec,textual comments; situational interview questions,False,digital_trace_methods,78.5,Demonstration One illustrates how simple and straightforward Bag‐of‐Word models applied on textual comments can be used to predict numerical ratings of companies | Demonstration Two shows how personality (self‐reported scores on the Big Five) can be predicted from situational interview questions thr,,
19957,Best of Both Worlds: The Benefits of Hybrid Work Compared With Remote and In‐Person Roles,Human Resource Management,True,hybrid work; remote work; return-to-office mandates; quiet quitting,survey,survey,False,wfh_rto,90.4,Results generally indicated more favorable outcomes for employees in a hybrid modality compared with in-person or remote roles.,,
7113,From foundations to frontiers: A 25‐year bibliometric journey of job demands–resources theory,Journal of Occupational and Organizational Psychology,True,bibliometric review; job demands-resources theory; thematic evolution,bibliometric analysis; co-citation analysis; co-occurrence analysis; bibliographic coupling,"bibliometric database (e.g., Web of Science, Scopus)",False,employee_wellbeing,62.4,mapping the intellectual structure and thematic evolution of JD‐R research | how JD‐R theory has integrated diverse theoretical perspectives and shaped the broader discourse on work‐related outcomes across contexts and levels of analysis,,
8760,Managing with Artificial Intelligence: An Integrative Framework,Academy of Management Annals,True,human-AI collaboration; algorithmic management; managing with AI,literature review,,False,ai_in_organizations,64.3,Managing with artificial intelligence (AI) refers to humans’ interaction with algorithms performing managerial tasks in organizations. | Two literatures exploring this interaction—human-AI collaboration (HAIC) and algorithmic management (AM)—have focused on distinct managerial tasks: while HAIC exam,,
70998,Two sides of the same coin: Appraising job‐related attributes as resilience enhancing or undermining,Human Resource Management Journal,True,employee resilience; job demands and resources; coal mining; stress management,qualitative interviews,interview,False,employee_wellbeing,83.1,"we find that crucial elements of human resource management processes, supervision and the employee work unit may be modelled as either demands or resources | we find that the individual's subjective appraisal of job‐related demands and resources plays a significant role in enhancing or undermining t",,
75304,The physical office work environment and employee wellbeing: Current state of research and future research agenda,International Journal of Management Reviews,True,physical office work environment; employee wellbeing; workplace design,narrative review,,False,employee_wellbeing,77.3,"knowledge about how the physical office work environment (POWE) shapes employee wellbeing remains fragmented, inconsistent and scattered across disciplines | we propose an updated taxonomy of POWE features, incorporating a new dimension – exposure to nature",,
58167,Job Demands–Resources Theory: Ten Years Later,Annual Review of Organizational Psychology and Organizational Behavior,True,burnout; work engagement; job demands-resources theory,review,,False,employee_wellbeing,85.6,"Burnout refers to a work-related state of exhaustion and a sense of cynicism. In contrast, work engagement is a positive motivational state of vigor, dedication, and absorption. | We discuss four major innovations of the past decade, namely ( a) the person × situation approach of JD-R, ( b) multilev",,
20178,Mismatch in Preferences for Working from Home: Evidence from Discrete Choice Experiments with Workers and Employers,Industrial and Labor Relations Review,True,remote work; hybrid work; preference mismatch; discrete choice experiment,discrete choice experiment; survey,survey,False,wfh_rto,83.4,"workers’ and employers’ preferences for remote work, distinguishing between hybrid and fully remote arrangements | a shared preference for hybrid over fully remote work",,
70701,Downsizing and surviving employees' engagement and strain: The role of job resources and job demands,Human Resource Management,True,downsizing; surviving employees; employee engagement; employee strain; job demands-resources theory,survey,survey,False,employee_wellbeing,82.4,job demands mediate the negative relationship between downsizing and employees' psychological and physical health | job resources mediate the negative relationship between downsizing and engagement,,
39651,"Artificial intelligence, machine learning, and big data: Improvements to the science of people at work and applications ",Personnel Psychology,True,artificial intelligence; machine learning; big data; people at work; organizational research,AI/ML; big data techniques,big data,False,ai_in_organizations,86.0,"artificial intelligence (AI), machine learning (ML), and big data techniques are being vigorously explored as a set of modern‐day approaches contributing to a multidisciplinary science of people at work | improving theory and knowledge, construct measurements, and predicting real‐world outcomes",,
91530,Incorporating Job Demand Variability Into Job Demands Theory: A Meta-Analysis,Journal of Management,True,job demands; job demand variability; employee strain; engagement,meta-analysis; meta-analytic path analysis; experience sampling methodology; simulation study,experience sampling methodology studies,False,employee_wellbeing,80.9,job demand variability moderates the between-person effects of overall job demand levels on employee strain and engagement | the between-person effects of challenge (on strain and engagement) and hindrance demands (on engagement only) are stronger in studies where those demands have higher levels of,,
58205,"Crafting Well-Being: Employees Can Enhance Their Own Well-Being by Savoring, Reflecting upon, and Capitalizing on Positi",Annual Review of Organizational Psychology and Organizational Behavior,True,employee well-being; positive work experiences; savoring; interpersonal capitalization,review,,False,employee_wellbeing,87.7,"how employees can amplify the beneficial effects of work on well-being by savoring and reflecting upon positive events and experiences from work, and by capitalizing on them via interpersonal means | how using these strategies can build additional resources, fulfill employees’ basic psychological ne",,
98449,Sociotechnical Envelopment of Artificial Intelligence: An Approach to Organizational Deployment of Inscrutable Artificia,Journal of the Association for Information Systems,True,AI implementation; inscrutable AI; sociotechnical envelopment,exploratory case study,case study interviews; organizational documents,False,ai_in_organizations,80.8,"The paper presents an approach for implementing inscrutable (i.e., nonexplainable) artificial intelligence (AI) such as neural networks in an accountable and safe manner in organizational settings. | Drawing on an exploratory case study and the recently proposed concept of envelopment, it describes ",,
7016,The Acceleration of Artificial Intelligence: Rethinking Organization and Work in an Era of Rapid Technological Change,Journal of Management Studies,True,artificial intelligence; organizational change; technological change,,,False,ai_in_organizations,58.3,"predictive, generative, agentic, and embodied systems rely on different logics and produce distinct organizational outcomes | different modes of AI reshape core organizational constructs, including expertise, judgement, coordination, authority, and institutional adaptation",,
19852,Problematizing the role of artificial intelligence in hiring and organizational inequalities: A multidisciplinary review,Human Relations,True,artificial intelligence in hiring; algorithmic hiring; organizational inequalities,hybrid review (scoping and problematizing),,False,ai_in_organizations,75.4,"What are the implications of the growing use of artificial intelligence (AI) in recruitment and hiring for organizational inequalities? | Building on Acker’s (2006) framework of ‘inequality regimes’, we propose the concept of algorithmically-mediated inequality regimes to highlight AI’s capacity for",,
70906,Organisational voice and employee‐focused voice: Two distinct voice forms and their effects on burnout and innovative be,Human Resource Management Journal,True,employee voice; burnout; innovative behavior,survey; exploratory factor analysis; confirmatory factor analysis,YouGov national online survey,False,employee_wellbeing,82.7,organisational voice is associated with significantly higher innovative behaviour and higher levels of burnout | employee-focused voice is significantly and negatively associated with employee burnout,,
70456,Job demands and burnout: The multilevel boundary conditions of collective trust and competitive pressure,Human Relations,True,job demands; burnout; collective trust; competitive pressure; multilevel analysis,survey; multilevel analysis,survey,False,employee_wellbeing,91.3,"the three-way interaction of individual-level job demands with unit-level collective trust depends on the magnitude of competitive pressure at the organizational level | In a condition of low organizational-level competitive pressure, unit-level trust can mitigate the positive effect of individual j",,
9049,The Role of Human Managers within Algorithmic Performance Management Systems: A Process Model of Employee Trust in Manag,Academy of Management Review,True,algorithmic performance management; employee trust; managerial reflexivity,theoretical development; process model,,False,algorithmic_management,64.6,"the role of human managers within algorithmically managed workplaces remains undertheorized | managers may fill two roles, as translators and augmenters of algorithms",,
9043,Combining Human and Artificial Intelligence: Hybrid Problem-Solving in Organizations,Academy of Management Review,True,human-AI collaboration; hybrid problem-solving; organizational search,theoretical model,,False,ai_in_organizations,61.5,autonomous search generates more distant solutions | sequential search enables more local solutions,,
32143,"Well‐Being as Having, Loving, Doing, and Being: An Integrative Organizing Framework for Employee Well‐Being",Journal of Organizational Behavior,True,employee well-being; well-being framework; self-determination theory,theoretical review,,False,employee_wellbeing,68.7,Employee well‐being is one of the most studied outcomes in organizational research | I distinguish functional well‐being from perceived well‐being,,
5707,Legacy imprints and categorisation shifts: How interpretations of job demands and resources change in abrupt transitions,Human Relations,True,virtual work; job demands and resources; abrupt transitions; categorisation shifts,qualitative interviews,interviews,False,wfh_rto,83.6,people carry legacy imprints : expectations from face-to-face settings that shape how they initially classify job features as demands or resources | When lived experience in the virtual context contradicts these expectations (e.g. online social gatherings feel exhausting; proximity to family while w,,
20774,Artificial intelligence at work: A phenomenon-based interdisciplinary review and groundwork for multilevel scholarship,Information & Management,True,artificial intelligence at work; interdisciplinary review; multilevel scholarship,systematic literature review,published research articles,False,ai_in_organizations,72.2,application-orientation research was the most likely to either define AI’s capabilities concretely or to situate their assessments within a specific function or industry | generalized-orientation research was less likely to reference AI’s concrete capabilities or situate their analyses in a specific,,
31984,Examining the implications of work–nonwork demand congruence,Journal of Occupational and Organizational Psychology,True,work-nonwork demand congruence; cognitive demands; work engagement,survey; polynomial regression; response surface analysis,survey,False,employee_wellbeing,85.1,"higher cognitive workweek job demands promoted work engagement, even when nonwork cognitive demands were equally high | Cognitive demand incongruence that favoured higher cognitive work demands was also beneficial for employee work engagement",,
49146,"Distinguishing Voice and Silence at Work: Unique Relationships with Perceived Impact, Psychological Safety, and Burnout",Academy of Management Journal,True,voice; silence; burnout,meta-analysis; panel study,meta-analytic data; survey,False,employee_wellbeing,74.2,voice and silence are independent (Mρ = −.15) | perceived impact (psychological safety) relates more strongly to voice (silence) than to silence (voice),,
96637,Augmenting the algorithm: Emerging human-in-the-loop work configurations,The Journal of Strategic Information Systems,True,human-in-the-loop; AI adoption; algorithmic work configurations,case study,case study interviews and observations,False,ai_in_organizations,78.4,"How do configurations of humans and algorithms evolve as firms adopt artificial intelligence (AI) capabilities, and what are the implications for work and organization? | We explored these questions through a two-year long case study of an organization in the international maritime trade that introd",,
30753,Socioeconomic Status and Employee Well-Being: An Intersectional and Resource-Based View of Health Inequalities at Work,Journal of Management,True,socioeconomic status; employee well-being; health inequalities; job demands and resources,review,,False,employee_wellbeing,84.9,Socioeconomic status (SES)—one’s objective economic and social standing—has the potential to yield critical implications for employee well-being. | we draw on resource-based theories to develop an organizing framework for reviewing and synthesizing the vast literature on this topic,,
31078,Artificial Intelligence as an Organizing Capability Arising from Human‐Algorithm Relations,Journal of Management Studies,True,artificial intelligence; organizing capability; human-algorithm relations,,,False,ai_in_organizations,61.1,we propose an ontological shift in conceptualizing AI | AI arises from the relations among human and algorithmic actors as an organizing capability,,
70685,The double‐edged sword of job crafting: The effects of job crafting on changes in job demands and employee well‐being,Human Resource Management,True,job crafting; work design; employee well-being,survey; two-wave panel,survey,False,employee_wellbeing,83.1,approach type of job crafting was related to increases in work engagement via increased job complexity | approach crafting was also associated with increases in burnout via increased workload,,
20911,"Unpacking AI at work: Data work, knowledge work, and values work",Information and Organization,True,AI at work; data work; knowledge work; values work; algorithmic shaping of work,qualitative; conceptual,,False,ai_in_organizations,64.8,"this study foregrounds three types of work that gain renewed significance in the context of AI: data work, knowledge work, and values work | how algorithms are shaped by, and in turn, shape everyday work practices",,
72135,Informalization in gig food delivery in the <scp>UK</scp>: The case of hyper‐flexible and precarious work,Industrial Relations A Journal of Economy and Society,True,informalization; gig food delivery; platform labor; precarious work,qualitative,interview,False,algorithmic_management,73.3,what drives individual formal couriers to both supply and demand informalized sub‐contracted gig work to undocumented migrants | how a platform company enables informal work practices through permissive HR practices and technology,,
72190,Motivational Drivers of Extensive Work Effort: Are Long Hours Always Detrimental to Well‐being?,Industrial Relations A Journal of Economy and Society,True,extensive work effort; well-being; motivation,survey,survey,False,employee_wellbeing,83.1,"extrinsically driven work effort is negatively related to well‐being, while intrinsically driven work effort is positively related to well‐being | intrinsically driven work effort has both a direct and an indirect link to well‐being, mitigating the downsides of extrinsically driven work effort",,
21824,High-performance work systems in job demands-resources theory: Implications for employee burnout and quality of life,International Journal of Hospitality Management,True,high-performance work systems; employee burnout; quality of life; job demands-resources theory,survey; PLS-SEM,survey,False,employee_wellbeing,83.4,"HPWS were negatively associated with employee burnout, both directly and indirectly, through the reduction of challenge and hindrance job demands. | there is a positive relationship between HPWS and employee QoL.",,
133256,Argument Mining for Organizational Research: A Computer-Aided Analysis of Organizational Talk,Organizational Research Methods,True,argument mining; organizational talk; legitimacy; communicative acts,argument mining; aspect-based argument mining; longitudinal case study,Twitter debates,False,digital_trace_methods,71.5,"Argument mining—the automatic identification, classification, and linking of argumentative text—has been studied in natural language processing (NLP) for more than a decade. | This article introduces aspect-based argument mining (ABAM) as a methodical innovation for studying how organizations justif",,
36614,The sum is larger than its parts: The daily interplay of leader and colleague support in facilitating employee well-bein,Journal of Vocational Behavior,True,leader support; colleague support; employee well-being; balanced needs satisfaction; positive affect,diary study; Latent Profile Analysis,survey,False,employee_wellbeing,88.3,joint leader and colleague support are indirectly related to home-domain subjective vitality via the balanced satisfaction of the basic psychological needs and positive affect,,
49618,Artificial Intelligence and Management: The Automation–Augmentation Paradox,Academy of Management Review,True,artificial intelligence; automation; augmentation; paradox theory,conceptual,,False,ai_in_organizations,63.0,"automation implies that machines take over a human task, augmentation means that humans collaborate closely with machines to perform a task | augmentation cannot be neatly separated from automation",,
5051,Natural Language Processing and Innovation Research,Annual Review of Economics,True,innovation measurement; natural language processing; text analysis,natural language processing; text analysis,textual artifacts,False,digital_trace_methods,78.8,"Recent advancements in natural language processing offer new methods to analyze textual artifacts, providing empirical insights into previously hard-to-measure aspects of innovation.",,
12906,Electronic Monitoring at Work,Annual Review of Organizational Psychology and Organizational Behavior,True,electronic monitoring; employee surveillance; workplace monitoring,meta-analysis; literature review,,False,employee_wellbeing,58.0,the overall impact of monitoring on performance appears neutral | a small positive correlation can be observed with strain,,
58184,Laying the Foundation for the Challenge–Hindrance Stressor Framework 2.0,Annual Review of Organizational Psychology and Organizational Behavior,True,challenge-hindrance stressor framework; workplace stress; job demands,review,,False,employee_wellbeing,80.1,"the Challenge–Hindrance Stressor Framework (CHSF) proposes that, although job demands that constrain, hinder, or thwart personal growth and achievement (hindrance stressors) have negative effects on work-related outcomes, job demands that provide the potential for personal growth and achievement (ch",,
2480,Is Job Embeddedness a Resource? Revisiting the Relationship of Job Embeddedness and Employee Well‐Being: A Meta‐Analytic,Journal of Organizational Behavior,True,job embeddedness; employee well-being; turnover,meta-analysis; meta-analytic structural equation modeling,meta-analytic dataset of 133 independent samples from 122 studies,False,employee_wellbeing,82.7,job embeddedness was generally positively associated with well‐being such as reduced burnout and increased life satisfaction | organizational embeddedness exerted relatively stronger effects than community embeddedness,,
76956,With great power comes more job demands: The dynamic effects of experienced power on perceived job demands and their dis,Journal of Applied Psychology,True,power; job demands; challenge-hindrance framework,field experiment; experiment,survey,False,employee_wellbeing,66.4,power-induced job demands may simultaneously benefit (manifested as goal progress and meaningfulness) and harm (manifested as physical discomfort and anxiety) powerholders | the relationship between feeling powerful and perceiving one's job to be demanding is stronger for employees higher (vs. lower,,
40099,Artificial Intelligence and Operations: A Foundational Framework of Emerging Research and Practice,Production and Operations Management,True,artificial intelligence in operations; AI for OM; OM for AI; human-AI interaction,,,False,ai_in_organizations,61.5,"AI for OM analyzes how AI enhances core operational processes, including design, procurement, production, and delivery. | OM for AI argues that scaling AI safely and effectively stands to benefit from core OM principles, including workflow design, capacity management, process control, drift detectio",,
58188,How Remote Work Changes the World of Work,Annual Review of Organizational Psychology and Organizational Behavior,True,remote work; distance framework; future of work,literature review,,False,wfh_rto,83.2,"This review develops a framework that refracts the concept of remote work into four types of distance—psychological, temporal, technological, and structural—and three objects from which one can be distant—material resources, social resources, and symbolic resources.",,
70684,Best friend or broken tool? Exploring the co‐existence of humans and artificial intelligence in the workplace ecosystem,Human Resource Management,True,human-AI coexistence; AI sensemaking; AI automation and augmentation,exploratory study; in-depth qualitative,interviews,False,ai_in_organizations,77.0,different organizational groups may engage in distinctly different sensemaking processes regarding AI | AI‐enabled automation and augmentation solutions may not be detached from nor exist in tension with each other,,
3388,"Textual Similarity in Organizational Research: Review of Applications, Consistency of Methods, and Best Practice Recomme",Organizational Research Methods,True,textual similarity; natural language processing; measurement consistency; jingle-jangle fallacy,natural language processing; text analysis; cosine similarity; Euclidean distance; n-grams,,False,digital_trace_methods,55.4,"Different transformer-based embeddings’ similarity results are interchangeable. | n -grams yield distinct, inconsistent results and are less appropriate for estimating similarity with distance measures.",,
9087,A Theory of Strategic Boundary Control for Remote Work,Academy of Management Review,True,remote work; strategic boundary control; HRM systems,theoretical development,,False,wfh_rto,77.0,"The popularity of remote work underscores its importance as a key strategic priority for organizations. | We draw upon boundary control theory and the strategic human resource management (SHRM) perspective to posit that organizations will seek to influence where work occurs, when work occurs, and re",,
12065,Sudhir Kakar (1938–2024).,American Psychologist,True,,,,True,ai_in_organizations,0.0,,,
56625,La Luna Como un Garbanzo (The Moon as a Chickpea) by Marcia Salas,American Psychologist,True,,,,True,ai_in_organizations,0.0,,,
56938,Global well posedness of the two-dimensional stochastic nonlinear wave equation on an unbounded domain,The Annals of Probability,True,,,,True,ai_in_organizations,0.0,,,
56391,Robert A. Wicklund (1941–2020).,American Psychologist,True,,,,True,ai_in_organizations,0.0,,,
12011,Frans B. M. de Waal (1948–2024).,American Psychologist,True,,,,True,ai_in_organizations,0.0,,,
11985,Jerry (Jerald) Rudmann (1944–2024).,American Psychologist,True,,,,True,ai_in_organizations,0.0,,,
117389,He 'came across as someone who was telling the truth': 'Pell v The Queen',Sydney law review,True,,,,True,ai_in_organizations,0.0,,,
42505,Monetary Policy and Rational Asset Price Bubbles: Comment,American Economic Review,True,monetary policy; rational asset price bubbles,theoretical comment,,False,ai_in_organizations,0.0,"a central bank can always dampen a bubble by setting a higher-than-expected rate, although it may have to raise the rate aggressively",,
39729,"McKean–Vlasov stochastic partial differential equations: existence, uniqueness and propagation of chaos",Probability Theory and Related Fields,True,,,,True,ai_in_organizations,0.0,,,
56261,Mythical Bridge by Jimmy Perron,American Psychologist,True,,,,True,ai_in_organizations,0.0,,,
4958,Jazz It Up by Bernie Houston,American Psychologist,True,,,,True,ai_in_organizations,0.0,,,
39738,Nonlinear Fokker–Planck equations with fractional Laplacian and McKean–Vlasov SDEs with Lévy noise,Probability Theory and Related Fields,True,,,,True,ai_in_organizations,0.0,,,
56390,Leslie Rescorla (1945–2020).,American Psychologist,True,,,,True,ai_in_organizations,0.0,,,
12096,Rocky Mountain Sunflowers by Jan Bushart,American Psychologist,True,,,,True,ai_in_organizations,0.0,,,
56882,On strong solutions of Itô’s equations with σ∈Wd1 and b∈Ld,The Annals of Probability,True,,,,True,ai_in_organizations,0.0,,,
60438,Al servizio dell’Italia e del Papa. Le tante vite di Bernardino Nogara,Business History,True,,,,True,ai_in_organizations,0.0,,,
132002,Spatial pattern of Olympic medals,Environment and Planning B Urban Analytics and City Science,True,Olympic medals spatial pattern; sports geography,cartographic mapping,Olympic medal data,True,digital_trace_methods,2.4,"I created my map, on which I depicted the countries of the world in terms of their medals won at the Summer and Winter Olympics.",,
60593,"CONSENT IN RAPE: FACT, NOT LAW",The Cambridge Law Journal,True,,,,True,ai_in_organizations,0.0,,,
39847,Almost sure convergence of Liouville first passage percolation,Probability Theory and Related Fields,True,,,,True,ai_in_organizations,0.0,,,
68267,Why Does the Common Law Conform to the Constitution?,Federal Law Review,True,common law and constitution; judicial power; constitutional supremacy,legal analysis,case law; scholarly commentary,False,ai_in_organizations,0.0,"the common law must conform to the Constitution | the Constitution constrains all uses of judicial power, not just those that are considered to be ‘state action’",,
56238,Ronald Melzack (1929–2019).,American Psychologist,True,,,,True,ai_in_organizations,0.0,,,
54216,"Shiga Toxin–Producing <i>Escherichia coli</i> (STEC) O157:H7 and Romaine Lettuce: Source Labeling, Prevention, and Busin",American Journal of Public Health,True,food safety; outbreak investigation; source labeling; food supply chain,publicly available data analysis; market data analysis,publicly available data; market data,False,ai_in_organizations,0.0,We used publicly available data to show that labels may not avert many illnesses in future outbreaks but may reduce suppliers’ financial losses and reduce food loss. | Market data available during both 2018 outbreak investigations showed that there was no romaine production from one of the 2 regions,,
115930,The Travels of Treason,Modern Law Review,True,,,,True,ai_in_organizations,0.0,,,
12262,Singular kinetic equations and applications,The Annals of Probability,True,,,,True,ai_in_organizations,0.0,,,
69047,“I AM A Child!”: A Girl-Child’s Truth and The Lies of Law Enforcement,Gender & Society,True,police violence; racialized childhood; abolitionist imaginings,essay,incident report; public discourse,False,ai_in_organizations,0.0,“I AM a child!” | the truth embedded in this girl’s call exposes the lies of law enforcement,,
4927,Bernard Spilka (1926–2025).,American Psychologist,True,,,,True,ai_in_organizations,0.0,,,
57018,The disordered lattice free field pinning model approaching criticality,The Annals of Probability,True,,,,True,ai_in_organizations,0.0,,,
11977,Travis I. Thompson (1937–2023).,American Psychologist,True,,,,True,ai_in_organizations,0.0,,,
14382,INHERENT ILLEGALITY: ISRAEL’S PRESENCE IN OCCUPIED PALESTINIAN TERRITORY VIOLATES FUNDAMENTAL RULES OF INTERNATIONAL LAW,The Cambridge Law Journal,True,,,,True,ai_in_organizations,0.0,,,
56855,Almost-sure exponential mixing of passive scalars by the stochastic Navier–Stokes equations,The Annals of Probability,True,stochastic Navier-Stokes equations; passive scalar mixing; exponential mixing; Lagrangian flow,mathematical analysis; stochastic processes,,False,ai_in_organizations,0.0,We deduce almost-sure exponentially fast mixing of passive scalars advected by solutions of the stochastically-forced 2D Navier–Stokes equations and 3D hyper-viscous Navier–Stokes equations,,
56999,Limit theorems for additive functionals of the fractional Brownian motion,The Annals of Probability,True,,,,True,ai_in_organizations,0.0,,,
60616,HOMICIDE: <i>NOVUS ACTUS INTERVENIENS</i>,The Cambridge Law Journal,True,,,,True,ai_in_organizations,0.0,,,
12269,Solutions to the stochastic heat equation with polynomially growing multiplicative noise do not explode in the critical ,The Annals of Probability,True,,,,True,ai_in_organizations,0.0,,,
12316,Fractional diffusion limit for a kinetic Fokker–Planck equation with diffusive boundary conditions in the half-line,The Annals of Probability,True,,,,True,ai_in_organizations,0.0,,,
56321,Zella Luria (1924–2018).,American Psychologist,True,,,,True,ai_in_organizations,0.0,,,
56907,On strong solutions of Itô’s equations with Dσ and b in Morrey classes containing Ld,The Annals of Probability,True,,,,True,ai_in_organizations,0.0,,,
54158,The Dangers of White Supremacy: Nazi Sterilization and Its Mixed-Race Adolescent Victims,American Journal of Public Health,True,Nazi sterilization; mixed-race adolescents; white supremacy; public health history,historical analysis,public interviews; historical records,False,ai_in_organizations,0.0,Mixed-race African German and Vietnamese German children were born around 1921 | forcibly sterilized in 1937,,
56234,Olivia Juliette Hooker (1915–2018).,American Psychologist,True,,,,True,ai_in_organizations,0.0,,,
106404,Organizing for Dignity,Organization Studies,True,refugee camps; dignity; organizing,qualitative; ethnography,interview,False,ai_in_organizations,0.0,"Like thousands of other Rohingyas, Aman (pseudonym) had to flee for his life | Many of them still sustain traumas from those days",,
56941,The two-dimensional continuum random field Ising model,The Annals of Probability,True,,,,True,ai_in_organizations,0.0,,,
56993,Convergence in law for complex Gaussian multiplicative chaos in phase III,The Annals of Probability,True,,,,True,ai_in_organizations,0.0,,,
54197,Denial of Abortion Because of Provider Gestational Age Limits in the United States,American Journal of Public Health,True,abortion denial; gestational age limits; reproductive health,,,True,ai_in_organizations,0.0,Denial of Abortion Because of Provider Gestational Age Limits in the United States,,
54452,Hennepin County Adult Detention Center’s Response to a 2019 Hepatitis A Outbreak in Minnesota,American Journal of Public Health,True,hepatitis A outbreak response; vaccination protocols in jails; public health interventions,case study,administrative records,False,ai_in_organizations,0.0,increased vaccination rates from 0.6% to 7.1% among detainees,,
54824,Typhoid Mary Was Not a Super-Spreader (and Super-Spreaders Are Not “Typhoid Marys”),American Journal of Public Health,True,,,,True,ai_in_organizations,0.0,,,
56879,Normal fluctuation in quantum ergodicity for Wigner matrices,The Annals of Probability,True,,,,True,ai_in_organizations,0.0,,,
110034,Outcaste Bombay: City making and the politics of the poor,Regional Studies,True,,,,True,ai_in_organizations,0.0,,,
4973,Large deviations for 2D Navier–Stokes equations driven by a periodic force and a degenerate noise,The Annals of Probability,True,,,,True,ai_in_organizations,0.0,,,
12071,Ruth Hall (1948–2023).,American Psychologist,True,,,,True,ai_in_organizations,0.0,,,
57012,The maximal flow from a compact convex subset to infinity in first passage percolation on $\mathbb{Z}^{d}$,The Annals of Probability,True,,,,True,ai_in_organizations,0.0,,,
39711,Instantaneous everywhere-blowup of parabolic SPDEs,Probability Theory and Related Fields,True,,,,True,ai_in_organizations,0.0,,,
30134,Accounting for Intergenerational Educational Immobility in Low- and Middle-Income Countries,The Journal of Human Resources,True,intergenerational educational immobility; developing countries; child labor; teenage family formation,latent factor analysis; decomposition analysis,longitudinal survey data,False,ai_in_organizations,0.0,"This study investigates intergenerational educational immobility and its transmission channels in four developing countries: Ethiopia, India, Peru, and Vietnam. | The findings show that relevant channels in developed countries are also important in these developing countries.",,
29568,Green-adjusted share prices: A comparison between standard investors and investors with green preferences,Journal of Financial Stability,True,green finance; green-adjusted share prices; asset pricing; investor preferences,comparison; beta computation; Fama-French factor analysis,FTSE Russell 1000 Green Revenues index,False,ai_in_organizations,0.0,Our findings suggest that tilting of firm stock returns towards green finance could change temporarily asset pricing views. | there are some significant differences between standard and green-adjusted betas during periods associated with green activism and positive political decisions of financially,,
91589,"Geographic Distance and State's Grip: Information Asymmetry, State Inattention, and Firm Implementation of State Policy",Journal of Management,True,geographic distance; state capacity; policy implementation; environmental activities; information asymmetry,panel data analysis; moderation analysis,Chinese public firms data; environmental activities data,False,ai_in_organizations,20.0,geographic distance between the state and local governments undermines the state's capacity to influence the implementation of state policies by local organizations | physical distance reduces the state's monitoring effectiveness through two interrelated mechanisms: information asymmetry and state l,,
50519,"Defining crash configurations for Powered Two-Wheelers: Comparing ISO 13232 to recent in-depth crash data from Germany, ",Accident Analysis & Prevention,True,motorcycle crash configurations; ISO 13232 standard relevance; powered two-wheeler safety,in-depth crash data analysis; comparative analysis,"in-depth crash data from Germany, India, China",False,ai_in_organizations,0.0,"the ISO crash configurations do not represent the most frequent PTW road crashes in Germany, India or China | the observed differences between countries imply that a single global standard may not be feasible",,
73717,CHILD SOLDIERS AND PEACE AGREEMENTS,International and Comparative Law Quarterly,True,child soldiers; peace agreements; post-conflict reintegration; accountability,content analysis,peace agreements,False,digital_trace_methods,5.6,"Drawing on all references to child soldiers in 77 peace agreements signed between 1990 and 2022, this article examines the ways in which peace agreements address the issue of child soldiers.",,
73814,A CONTEXTUAL ANALYSIS OF ARTICLE 16 OF THE IRELAND–NORTHERN IRELAND PROTOCOL,International and Comparative Law Quarterly,True,,,,True,ai_in_organizations,0.0,,,
28151,Pipeline incidents and property values,Journal of Environmental Economics and Management,True,pipeline incidents; property values; environmental economics,difference-in-differences,pipeline incident data; property transaction data,False,digital_trace_methods,3.4,A difference-in-differences analysis finds that high-profile incidents significantly decrease property values within 1000 m by 8.2% | the negative impact can persist for about eight years on average,,
93513,Frictions in an Experimental Dynamic Stochastic General Equilibrium Economy,Journal of money credit and banking,True,experimental macroeconomics; dynamic stochastic general equilibrium; monetary policy,experiment,experimental data,False,ai_in_organizations,6.7,An experimental economy with monopolistic competition and no menu costs generates empirical patterns that are closer to the U.S. economy than simulations or the other experimental environments. | Discretionary human central bankers produce lower output and welfare compared to an automated instrument,,
98771,Commentary on “Demystifying the Influential IS Legends of Positivism”,Journal of the Association for Information Systems,True,positivism in IS research; philosophy of science,commentary,,False,ai_in_organizations,0.0,this commentary fully accepts that logical positivism as a school of thought in the philosophy of science has fallen into disrepute | points out that the IS researchers who have characterized positivism in their own ways never said that they were following logical positivism,,
27477,Social Protection in the Developing World,Journal of Economic Literature,True,social protection programs; redistribution; income support; social insurance,literature review,,False,ai_in_organizations,0.0,"Social protection programs have become increasingly widespread in low- and middle-income countries, with their own distinct characteristics to match the environments in which they are operating. | We review how to identify potential beneficiaries given the large informal sector, the design and imple",,
53139,Sectoral wage gaps and gender in rural India<sup>†</sup>,American Journal of Agricultural Economics,True,sectoral wage gaps; gender inequality; rural labor markets,panel data analysis,household panel survey,False,employee_wellbeing,8.4,the wage gap across the non‐farm and farm sectors is much higher for women than for men | constraints are preventing women from reallocating their time to more remunerative wage employment opportunities,,
116540,"Factorial Designs, Model Selection, and (Incorrect) Inference in Randomized Experiments",The Review of Economics and Statistics,True,factorial designs; model selection; inference in randomized experiments,experiment; factorial design; t-test; model selection,published experiments in top-five journals,False,ai_in_organizations,7.6,"Of 27 factorial experiments published in top-five journals (2007–2017), nineteen use the short model. After including interactions, more than half of their results lose significance.",,
12491,Nonlinear global Fréchet regression for random objects via weak conditional expectation,The Annals of Statistics,True,nonlinear global Fréchet regression; random objects; weak conditional expectation,nonlinear regression; kernel methods; simulation; real data application,simulated data; real application data,False,digital_trace_methods,6.8,"(2019) 691-719) emerges as a special case of our method by choosing a linear kernel. | Numerical studies, including extensive simulations and a real application, are conducted to investigate the finite-sample performance.",,
2520,"How watching sports shapes zero-sum thinking: Correlational, experimental, and longitudinal evidence.",Journal of Personality and Social Psychology,True,sports engagement; zero-sum thinking; social cognition,correlational; experimental; longitudinal,survey,False,ai_in_organizations,0.0,watching and following sports is both correlationally and causally associated with zero-sum thinking | These effects extend beyond sports contexts to shape attitudes toward immigrants and a distributive (win-lose) orientation in negotiation,,
58678,On boosting the power of Chatterjee’s rank correlation,Biometrika,True,rank correlation; dependence measure; statistical efficiency,rank statistics; nearest neighbors,,False,ai_in_organizations,0.0,"We answer this call by proposing an improvement to Chatterjee’s rank correlation that still consistently estimates the same dependence measure, but provably achieves near-parametric efficiency in testing against Gaussian rotation alternatives.",,
97776,Rare Feature Selection in High Dimensions,Journal of the American Statistical Association,True,rare feature selection; high-dimensional prediction; text mining,rare feature aggregation; tree-based side information; alternating direction method of multipliers,TripAdvisor reviews,False,digital_trace_methods,73.9,"It is common in modern prediction problems for many predictor variables to be counts of rarely occurring events. | We show, both theoretically and empirically, that not explicitly accounting for the rareness of features can greatly reduce the effectiveness of an analysis.",,
104036,The Utilization Premium,Management Science,True,capital utilization; depreciation; expected returns; investment,empirical asset pricing; production model,firm-level financial data,False,ai_in_organizations,0.0,an investment strategy that buys (sells) equities with low (high) utilization rates earns 5% per annum | Utilization predicts excess returns beyond other production-based variables,,
24771,Lightweight Active Soft Back Exosuit for Construction Workers in Lifting Tasks,Journal of Construction Engineering and Management,True,exosuit; lifting tasks; low back pain prevention,biomechanics evaluation; human subject testing; electromyographic (EMG) signal analysis,EMG data; subject evaluation,False,employee_wellbeing,21.8,Human subject testing shows significant electromyographic (EMG) signal reduction at longissimus (LG) and multifidus (MF) with the proposed exosuit | the subject evaluation of the exosuit shows the exosuit was helpful in reducing mental and physical demand and effort,,
72649,Orchestrating distributed data governance in open social innovation,Information and Organization,True,open social innovation; distributed data governance; multi-stakeholder collaboration,essay; framework development; case reflection,case study of #WirVsVirus project,False,ai_in_organizations,8.5,"In this essay we put forward a framework consisting of three dimensions allowing an inquiry into the effectiveness of such distributed data governance: (1) openness, (2) accountability and (3) power. | We apply this framework to reflect on the OSI project #WirVsVirus",,
44395,Rethinking Corporate Groups: Insights from Systems Intentionality,Sydney Law Review,True,corporate groups; corporate responsibility; systems intentionality; parent liability,,,False,ai_in_organizations,4.5,"Corporate groups continue to present significant challenges for corporate law and regulation. | Systems Intentionality suggests that such group systems will manifest certain states of mind, typically (but not necessarily only) that of the parent.",,
7229,Liberate or Subjugate Them? The Effect of Supplier Dependence on Buyer Innovation,Journal of Product Innovation Management,True,buyer-supplier relationships; supplier dependence; buyer innovation,archival case study; survey,archival data; survey,False,ai_in_organizations,17.1,supplier dependence negatively affects buyer innovation performance | market dynamism is a significant moderator concerning buyer innovation productivity,,
58591,"The Effects of Profit-Sharing Plans, Client Importance, and Reinforcement Sensitivity on Audit Quality",Auditing A Journal of Practice & Theory,True,profit-sharing plans; audit quality; client importance; reinforcement sensitivity,experiment,experiment with 450 audit partners and managers,False,algorithmic_management,8.4,"We examine the effects of the type of profit-sharing plan, level of client importance, and auditor reinforcement sensitivity (joint sensitivity to rewards and punishments) on auditor reporting decisions. | We find the highest audit quality when profit-sharing is based on firm performance, client imp",,
8657,Lucrative infrastructure and intentional bypassing: Comparing two Chinese-financed infrastructure projects in Kenya,Urban Studies,True,infrastructure development; Chinese finance; public-private-partnership; spatial inequality,comparative case study,case study; document analysis,False,algorithmic_management,8.4,"It demonstrates how financing models redistribute risks and control among stakeholders, producing distinct spatial outcomes. | The paper argues that the shift in financing not only commodifies infrastructure but also institutionalises bypassing, as projects increasingly prioritise exclusive flows, t",,
106867,Dealing with a minor’s land in Singapore,Oxford University Commonwealth Law Journal,True,,,,True,ai_in_organizations,0.0,,,
105402,Adversarial Patrolling in a Uniform,Operations Research,True,adversarial patrolling; uniformed patroller game; security games,game-theoretic modeling,,False,ai_in_organizations,0.0,Putting a uniform on the patroller greatly reduces his effectiveness in intercepting thefts or attacks. | the visibility of a uniform may act as a deterrent to having the theft take place at all.,,
30191,Seventy years of information systems development methodologies from early business computing to the Agile era: A two-par,Journal of Information Technology,True,information systems development methodologies; history of ISD; methodology evolution,historical method,historical records,False,ai_in_organizations,7.8,We apply a historical method to follow the narrative of ISD methodology evolution in a historical context to identify central innovations and milestones that changed the environment allowing new types of ISD outcomes and processes to emerge demanding novel methodological responses.,,
2579,Corporate taxpayer responses to size-based enforcement and disclosure thresholds,Journal of Public Economics,True,corporate tax compliance; size-based enforcement thresholds; tax avoidance,bunching estimator; difference-in-differences; triple difference estimator,tax return data; audit data,False,digital_trace_methods,15.1,"corporations reduce assets by about $500,000 to avoid the $10 million asset threshold | C corporations strategically bunch below this threshold in most years from 2004 to 2010",,
90279,How Can Progressive Vouchers Help the Poor Benefit from School Choice? Evidence from the Chilean Voucher System,The Journal of Human Resources,True,school choice; educational reform; voucher system; progressive vouchers,regression discontinuity design,national data set,False,ai_in_organizations,2.5,increased vouchers by 50 percent for students in the lowest 40 percent of the income distribution | eligible students chose schools with higher test scores or socioeconomic status,,
59179,Union Membership Peaks in Midlife,British Journal of Industrial Relations,True,union membership; age and unionization; retirement and union exit,panel data analysis; descriptive statistics; cohort analysis,survey data from 68 countries,False,employee_wellbeing,10.0,union membership peaks in midlife — usually around workers’ late 40s or early 50s | the age peak in union membership is apparent across birth cohorts,,
123595,Have cycling-friendly cities achieved cycling equity? Analyses of the educational gradient in cycling in Dutch and Germa,Urban Studies,True,cycling equity; educational gradient in cycling; cycling-friendly cities,multilevel regression,survey,False,ai_in_organizations,2.5,"the effect of education is similarly large in cities with low, medium, or high overall levels of cycling | there is no automatism in the sense that higher cycling shares in general will also imply greater cycling equity",,
53067,Infrastructure Improvements and Maize Market Integration: Bridging the Zambezi in Mozambique,American Journal of Agricultural Economics,True,infrastructure improvements; market integration; transport infrastructure,dyadic regression,market price data; driving time data,False,ai_in_organizations,0.0,we identify the impact of this transport infrastructure enhancement on integration of national maize markets | we find a significant narrowing of equilibrium price differences among market pairs that experienced a large relative reduction in journey times due to the new bridge,,
52743,Environmental Preferences and Technological Choices: Is Market Competition Clean or Dirty?,American Economic Review Insights,True,environmental preferences; technological choices; clean innovation; market competition,panel data analysis; patent data analysis,patent data; environmental willingness to pay data; competition measures,False,digital_trace_methods,19.3,"We investigate the effects of consumers’ environmental concerns and market competition on firms’ decisions to innovate in “clean” technologies. | As predicted, exposure to prosocial attitudes fosters clean innovation, all the more so where competition is strong.",,
80417,Improving Effectiveness of Constraints Removal in Construction Planning Meetings: Information-Theoretic Approach,Journal of Construction Engineering and Management,True,constraints removal; construction planning meetings; information theory,case study; information-theoretic approach; Chow-Liu tree,meeting minutes; activity start/finish times,False,digital_trace_methods,51.5,Timely identification and removal of constraints is critical for improving workflow reliability. | An information-theoretic approach was used to develop a framework to measure the amount of uncertainty and information sharing among constraint discussions.,,
42031,How shareholder litigation risk influences firm orientation toward stakeholders,Strategic Management Journal,True,shareholder litigation risk; stakeholder orientation; corporate governance,quasi-experiment; difference-in-differences; event study,archival; legal databases,False,employee_wellbeing,23.6,Leveraging the staggered adoption of Universal Demand (UD) laws across states as a quasi‐experimental setting | We find that firms increase stakeholder‐focused efforts following UD law adoption,,
45526,An influence path analytic study for the operational performance of large passenger railway stations: The China case,Transportation Research Part A Policy and Practice,True,operational performance; large passenger railway stations; influence path analysis,survey; structural equation modeling,survey,False,ai_in_organizations,0.0,Survey data from two representative large passenger railway stations in China is applied to the proposed SEM-MPAM to conduct the influence path analysis.,,
10636,Substitutes or complements? The effect of opening a food store on customer visits to neighborhood food stores,American Journal of Agricultural Economics,True,food store openings; customer traffic; competitive dynamics; spatial heterogeneity,difference-in-differences; cellphone location data analysis,cellphone location data,False,digital_trace_methods,53.7,"Grocery store openings, for example, reduce visits to food‐at‐home incumbents in close proximity but affect food‐away‐from‐home incumbents over broader distances. | the reductions remain modest—generally below 5% of monthly visits—and are statistically significant for White and high‐income visitors ",,
100800,Toward an Assessment of Quality of Life Indicators as Measures of Destination Performance,Journal of Travel Research,True,quality of life indicators; destination performance; tourism,canonical correlation analysis; panel data,panel data from 105 countries,False,digital_trace_methods,9.0,"This study tests a reciprocal relationship between objective quality of life indicators and traditional destination performance measures over time. | the results showed that economic factors, along with education, and health indicators are strongly associated with performance measures of the tourism",,
92027,Covid‐19 and the Future of Family Business Research,Journal of Management Studies,True,family business; succession; Covid-19,,,False,ai_in_organizations,0.0,We identify five assumptions in the field that are challenged by Covid-19 and its aftermath | FB scholars have mostly assumed leadership succession as an intra-family process to be methodically planned and executed,,
69930,Well‐being right before and after a permanent nursing home admission,Health Economics,True,nursing home admission; well-being; aging in place,event study; inverse probability weighting; doubly robust estimation,survey; administrative data,False,employee_wellbeing,65.1,"a temporary increase in loneliness, the risk of anxiety and depression, and a loss of control over one's life | these scores revert to pre-admission levels after 6 months",,
54210,"Perinatal Health Outcomes Following a Community Health Worker–Supported Home-Visiting Program in Rochester, New York, 20",American Journal of Public Health,True,community health worker; home-visiting program; perinatal health outcomes,quasi-experimental; program evaluation; chi-square test,program data; electronic medical records,False,ai_in_organizations,0.0,"Program participants had fewer adverse outcomes than did nonparticipants, including lower rates of preterm birth (12% vs 20%; χ 2 , P = .05) and low birth weight (14% vs 22%; χ 2 , P = .05).",,
79623,Televising Justice during War,Journal of Conflict Resolution,True,state building; television and legitimacy; legal institutions; conflict,survey,survey data,False,ai_in_organizations,6.7,We estimate the impact of televising criminal proceedings on public use of government courts to resolve disputes. | We find consistent evidence of enhanced support for government courts among survey respondents who trust television following the nation’s first televised criminal trial.,,
23640,Global currency hedging with ambiguity,Journal of Banking & Finance,True,currency hedging; ambiguity aversion; portfolio optimization,closed-form solution; generalized ridge regression; out-of-sample backtest,,False,ai_in_organizations,0.0,the demand for optimal currency hedging is formulated as the solution to a generalized ridge regression | the investor’s aversion to model uncertainty increases the demand for hedging,,
23747,Regulating bank risk in a mobile labour market,Journal of Banking & Finance,True,bonus caps; bank risk; labour market mobility; talent screening; poaching,theoretical model,,False,ai_in_organizations,0.0,bonus caps can be welfare improving in banking labour markets with high mobility | This can lead to excessive risk taking,,
125,A comprehensive analysis of contributing factors in bus crashes: integrating passenger injury severity and vehicle damag,Accident Analysis & Prevention,True,bus crash severity; passenger injury; vehicle damage; copula modeling,copula model; multinomial logit; joint estimation,bus crash data from Maryland (2015-2022),False,ai_in_organizations,0.0,"the most influential variables include driver fault, airbag deployment, and safety equipment usage | vehicle damage severity is more strongly associated with vehicle type, movement status at the time of impact, and mechanical condition",,
98108,A Gibbs Sampler for a Class of Random Convex Polytopes,Journal of the American Statistical Association,True,,Gibbs sampler; Bayesian inference,,True,ai_in_organizations,0.0,,,
104196,Shortening Emergency Medical Response Time with Joint Operations of Uncrewed Aerial Vehicles with Ambulances,Manufacturing & Service Operations Management,True,uncrewed aerial vehicles; emergency medical services; response time optimization; bystander assistance,Markov decision process; approximate dynamic programming; neural network-based approximation; simulation,simulation,False,ai_in_organizations,17.2,This study aims to optimize the integration of UAVs and bystanders into EMS in order to minimize average response times for overdose interventions. | The simulation results suggest that our NN-API policy tends to outperform several noteworthy rule- and optimization-based benchmark policies in terms ,,
112542,The role of procedural rationality in debiasing acquisition decisions of overconfident CEOs,Strategic Management Journal,True,CEO overconfidence; acquisition decisions; procedural rationality; debiasing,archival; quantitative,acquisition data of publicly held US firms,False,ai_in_organizations,10.0,the pursuit of greater procedural rationality through slow‐paced predeal processes reduces the tendency of overconfident CEOs to inflate acquisition premiums. | the tendency of overconfident CEOs to overpay for acquisitions decreases under conditions in which the predeal processes are slower in pace,,
40759,“Stop the Count!”—How Reporting Partial Election Results Fuels Beliefs in Election Fraud,Psychological Science,True,election fraud beliefs; cumulative redundancy bias; partial vote count reporting,experiment; simulation; survey,Prolific survey; simulated elections; real-world vote counts from Georgia 2020,False,ai_in_organizations,9.8,participants consistently rated early leaders more favorably and were more likely to suspect fraud when the eventual winner gained a late lead | fraud suspicions already arose before the count was completed and persisted despite explanatory interventions,,
22506,Drivers of public procurement prices: Evidence from pharmaceutical markets,International Journal of Industrial Organization,True,public procurement; pharmaceutical markets; market structure; price dispersion,panel data analysis; exogenous variation; patent expiration as natural experiment,pharmaceutical purchase data from public sector in Chile,False,digital_trace_methods,6.6,market structure explains three times more dispersion than buyer effects | entry of an additional seller decreases average procurement prices by 11.7 percent,,
77583,Religion and insider trading profits,Journal of Banking & Finance,True,religion; insider trading; social norms; corporate governance,empirical analysis; regression,firm-level data; insider trading records,False,digital_trace_methods,3.4,trades by insiders in firms located in more religious areas are followed by lower profits | those insiders are less likely to trade on future earnings news,,
114403,Distributive Justice for Behavioural Welfare Economics,The Economic Journal,True,distributive justice; behavioural welfare economics; utilitarian policy,theoretical analysis,,False,ai_in_organizations,0.0,The incompleteness of behavioural preferences can lead many or even all allocations to qualify as Pareto optimal. | Utilitarian methods can be applied to groups of goods or to the multiple social welfare functions that arise when individual preferences are incomplete,,
92682,Examining the Efficacy of Time Scarcity Marketing Promotions in Online Retail,Journal of Marketing Research,True,time scarcity promotions; online retail marketing; persuasion knowledge,meta-analysis; experiment,meta-analytic data; experimental data,False,ai_in_organizations,7.4,positive effects of time scarcity promotions observed offline may not emerge in online shopping contexts | providing retailer-exogeneous justifications for online time scarcity promotions’ time restriction can increase the potential of observing positive effects on consumer interest online,,
12200,Reiterated Fact-Making: Explaining Transformation and Continuity in Scientific Facts,American Sociological Review,True,scientific fact-making; sociology of science; genetic variants,comparative-historical; mixed-methods,case studies of genetic variants,False,digital_trace_methods,20.7,"I develop a comparative-historical approach called 'reiterated fact-making' that analyzes scientific facts according to (1) the prevailing conditions of possibility; (2) the networks of expertise, social mobilization, and power built up around them; and (3) the epistemic and material path dependenci",,
75899,Marijuana liberalization and public finance: A capital market perspective on the passage of medical use laws,Journal of Accounting and Economics,True,marijuana legalization; public finance; state borrowing costs,event study; difference-in-differences,state bond spreads; state-level expenditure data,False,ai_in_organizations,8.3,We find that the staggered passage of state-level laws that legalize marijuana for medical use increases states' borrowing costs by 7–9 basis points. | Consistent with economic theory on substance use suggesting that marijuana legalization increases local consumption of the drug (by expanding its av,,
105748,Does Investor Gender Matter for the Success of Female Entrepreneurs? Gender Homophily and the Stigma of Incompetence in ,Organization Science,True,gender homophily; entrepreneurial finance; female entrepreneurship; investor gender,field study; experiment,venture-backed startups data; experimental data,False,ai_in_organizations,0.0,"firms with female founders who received funding from female rather than male VCs are two times less likely to raise additional financing | pitches by female-backed female entrepreneurs receive lower evaluations compared with all other pitches, and that this is driven by perceptions of entrepreneur c",,
82902,Diffusion copulas: Identification and estimation,Journal of Econometrics,True,nonlinear univariate diffusions; semiparametric Markov diffusion models; copula-based modeling,semiparametric estimation; kernel-based estimation; likelihood-based estimation; simulation study,US short-term interest rates; CBOE volatility index data,False,digital_trace_methods,3.4,We propose a new semiparametric approach for modelling nonlinear univariate diffusions | Likelihood-based estimators of both parametric and nonparametric components are developed and we analyse their asymptotic properties,,
27665,Recommendations for Further Reading,The Journal of Economic Perspectives,True,,,,True,ai_in_organizations,0.0,,,
7298,Learning from the storm: The impact of hurricane experience on future disaster preparedness,Journal of Risk and Uncertainty,True,natural disaster preparedness; hurricane experience; precautionary economic behavior,triple difference-in-differences; propensity score trimming; panel data analysis,household-level consumer goods purchase data,False,ai_in_organizations,0.0,"past hurricane experience significantly influences household preparedness for impending storms | experienced households prepare earlier, increasing their purchases up to a week before warnings and prioritizing essential items",,
3244,Within–Bank Holding Company Accounting Information and Internal Capital Allocation,Management Science,True,internal capital allocation; loan loss provision validity; internal information quality; bank holding companies,archival; panel,subsidiary bank filings; bank holding company data,False,digital_trace_methods,11.7,"We examine whether loan loss provision validity (i.e., the extent of loan loss provisions mapping into future charge offs) within the bank holding company (BHC) is associated with internal capital allocation efficiency. | we find that within-BHC provision validity, our measure of internal informatio",,
78905,Automated Redistricting Simulation Using Markov Chain Monte Carlo,Journal of Computational and Graphical Statistics,True,redistricting simulation; Markov chain Monte Carlo; graph-cut problem,Markov chain Monte Carlo; simulated tempering; parallel tempering; graph-cut,Pennsylvania redistricting data,False,ai_in_organizations,0.0,we formulate redistricting as a graph-cut problem and for the first time in the literature propose a new automated redistricting simulator based on Markov chain Monte Carlo | The proposed algorithm can incorporate contiguity and equal population constraints at the same time,,
14506,Tax Treaty Arbitration: An Unacceptable Surrender of National Sovereignty or an Expression of Sovereign Power?,Canadian Tax Journal/Revue fiscale canadienne,True,tax treaty arbitration; national sovereignty; mandatory arbitration; mutual agreement procedure,legal analysis; critical review,,False,ai_in_organizations,0.0,agreeing to mandatory arbitration would amount to an unacceptable surrender of sovereignty | entering into a tax treaty is an exercise of fiscal sovereignty,,
94279,Majority members misperceive even “win-win” diversity policies as unbeneficial to them.,Journal of Personality and Social Psychology,True,diversity policies; majority group perceptions; misperception; nonzero-sum policies,experiment,survey,False,ai_in_organizations,13.5,"Six studies show that majority members misperceive diversity policies as unbeneficial to their ingroup, even when policies benefit them. | Majority members perceived nonzero-sum university admission policies-policies that increase acceptance of both URM (i.e., underrepresented minority) and non-URM ",,
105501,Risk-Based Robust Statistical Learning by Stochastic Difference-of-Convex Value-Function Optimization,Operations Research,True,robust statistical learning; risk-based optimization; outlier treatment,stochastic optimization; difference-of-convex programming; sampling algorithm,,False,digital_trace_methods,9.3,risk-based robust statistical learning model | interval conditional value-at-risk (In-CVaR),,
110294,Will the benefits of fiscal devolution outweigh the costs? Considering Scotland’s new fiscal framework,Regional Studies,True,fiscal devolution; Scotland's fiscal framework,review,,True,ai_in_organizations,0.0,,,
4830,Seeing like a citizen: Experimental evidence on how empowerment affects engagement with the state,American Journal of Political Science,True,citizen empowerment; state engagement; tax compliance; randomized intervention,field experiment; randomized controlled trial,survey; administrative records,False,algorithmic_management,14.9,"We study two randomized interventions in Kinshasa, Democratic Republic of the Congo, designed to empower citizens in their negotiations with opportunistic state agents | We find that protection, and to a lesser extent information, had clear extensive margin effects, increasing the share of citizens ",,
52487,Firm Wages in a Frictional Labor Market,American Economic Journal Macroeconomics,True,wage setting; frictional labor market; within-firm equity constraints; monopsony power,theoretical model,,True,employee_wellbeing,6.0,,,
8579,Multi-agent reinforcement learning with a hybrid sequential reward feedback strategy for dynamic multi-modal traffic ass,Transportation Research Part C Emerging Technologies,True,multi-agent reinforcement learning; dynamic multi-modal traffic assignment; traveler decision-making; route choice,multi-agent reinforcement learning; mean-field multi-agent deep Q-learning; simulation,Sioux-Falls network,False,ai_in_organizations,16.2,"the hybrid sequential feedback strategy outperforms the simultaneous feedback strategy regarding convergence speed, agent reward distribution, and network flow distribution",,
29317,Security design: A review,Journal of Financial Intermediation,True,security design; optimal contractual mechanisms; corporate finance; financial intermediation; fintech,review,,False,ai_in_organizations,7.1,"Security design, which broadly speaking deals with the issue of designing optimal contractual mechanisms for overcoming various frictions between agents, is the subject of an extensive literature. | This paper presents a review of recent work on security design and is organized around the applicatio",,
9801,Breaking the institutional logic or going under - Controllers and sustainability,Accounting Auditing & Accountability Journal,True,sustainable transformation; controllers' role; institutional logics; professional jurisdiction,qualitative; job advertisement analysis; explorative survey,job advertisements; survey,False,digital_trace_methods,22.0,controllers are in a state of tension | the pressure to integrate sustainability into companies is increasing,,
55745,Buying Power: Electoral Strategy before the Secret Vote,American Political Science Review,True,clientelism; electoral strategy; political learning; broker mobilization,archival analysis; hand-coded dataset; quantitative analysis,archives of Gustavo Capanema,False,digital_trace_methods,12.8,the data demonstrate that resource flows to local machines were contingent on the deviation between actual and expected votes received in previous elections | payments to brokers were highly effective in bringing out the vote,,
126143,Solving Combinatorial Pricing Problems Using Embedded Dynamic Programming Models,INFORMS journal on computing,True,,,,True,ai_in_organizations,0.0,,,
100458,Quasi-Newton updating for large-scale distributed learning,Journal of the Royal Statistical Society Series B (Statistical Methodology),True,distributed learning; quasi-Newton methods; large-scale optimization,quasi-Newton; distributed computing,,False,ai_in_organizations,6.2,no Hessian matrix inversion or communication is needed | the resulting estimator is statistically efficient over a small number of iterations under mild conditions,,
34481,A Smoothed-Bayesian Approach to Frequency Recovery from Sketched Data,Journal of the American Statistical Association,True,frequency recovery from sketched data; Bayesian nonparametric methods; smoothed-Bayesian approach,smoothed-Bayesian approach; Bayesian nonparametric; multi-view learning,synthetic data; real data,False,digital_trace_methods,44.9,"We provide a novel statistical perspective on a classical problem at the intersection of computer science and information theory: recovering the empirical frequency of a symbol in a large discrete dataset using only a compressed representation, or sketch, obtained via random hashing. | we propose an",,
132532,Conditional Cash Transfers: The Case of<i>Progresa/Oportunidades</i>,Journal of Economic Literature,True,conditional cash transfers; poverty alleviation; human capital investment,experimental design; field experiment,survey,False,ai_in_organizations,0.0,Conditional cash transfer (CCT) programs innovate by conditioning transfers to poor families on investments in the human capital of children and other family members. | The Mexican CCT program Progresa/Oportunidades began in 1997 and has served as a model for many of the now over sixty countries wit,,
19736,"Compliance in the public versus the private realm: Economic preferences, institutional trust and COVID‐19 health behavio",Health Economics,True,compliance with health behaviors; public vs private domain; COVID-19,survey; structural equation modeling,survey,False,employee_wellbeing,23.1,"Social preferences, especially (positive) reciprocity, play an essential role in predicting compliance in the public domain but are barely relevant in the private domain. | Conversely, individuals' degree of trust in the national government matters predominantly for increasing compliance in the priv",,
79170,Conditional Particle Filters with Bridge Backward Sampling,Journal of Computational and Graphical Statistics,True,,,,True,ai_in_organizations,0.0,,,
64356,Renewable technology adoption costs and economic growth,Energy Economics,True,renewable technology adoption; energy transition; carbon tax; technology spillovers,analytical model; calibration,,False,ai_in_organizations,8.5,"We develop an analytical Integrated Assessment Model that incorporates endogenous scrapping costs resulting from new technology adoption in renewable energy | In the absence of a Pigouvian carbon tax, a second-best policy that incentivizes renewables through internalizing spillovers provides relativ",,
48038,Those who leave: Out-migration and decentralisation of welfare beneficiaries in gentrified Paris,Urban Studies,True,gentrification; out-migration; welfare beneficiaries; housing crisis; decentralisation,logistic regression; matching,Family Benefits Fund (CAF); local housing markets data,False,digital_trace_methods,13.4,"Data show that social vulnerability is associated with a greater risk of leaving Paris and that housing welfare is playing a crucial role in mitigating this risk. | the higher the pressure on local housing markets, the more social inequalities determine mobility behaviour.",,
20626,Do High Minimum Wages Harm the Progression of Minimum Wage Workers? Evidence From the <scp>United Kingdom</scp>,Industrial Relations A Journal of Economy and Society,True,minimum wage; wage progression; low-paid workers,panel data; hazard rate models,panel data,False,employee_wellbeing,16.9,"Using panel data from the United Kingdom between 2009 and 2019, we study how substantial increases in the real and relative value of the minimum wage impacted on the wage progression of covered workers. | We find that progression out of minimum wage jobs is frequent, although most workers remain low",,
78345,Using Survey Information for Improving the Density Nowcasting of U.S. GDP,Journal of Business and Economic Statistics,True,nowcasting; GDP; survey information; dynamic factor model; stochastic volatility,dynamic factor model; stochastic volatility; density nowcasting,survey expectations; U.S. GDP data,False,digital_trace_methods,10.0,"survey information bears valuable information over the baseline model for nowcasting GDP | the variation in the survey participants’ predictions, often used as a measure of 'ambiguity,' conveys crucial information beyond the mean of those predictions for capturing the tail behavior of the GDP distri",,
132941,Frontiers in Operations: A Moment for Reflection: Debiasing Service Evaluations,Manufacturing & Service Operations Management,True,service evaluation bias; star rating order; debiasing subjective measures,experiment,experiment,False,digital_trace_methods,43.9,We propose a simple intervention—reversing this order—to mitigate bias in star ratings because the process of writing provides time and space for the evaluator to reflect on their experience. | We find that collecting comments prior to star ratings mitigates the sequential bias in star ratings becau,,
3060,"Tourists’ Mindsets and the Adoption of ChatGPT for Travel Services: A Moderated-Mediation Model of Self-Efficacy, Anxiet",Journal of Travel Research,True,AI adoption in tourism; ChatGPT for travel services; mindsets and technology adoption,survey; experiment,survey,False,ai_in_organizations,77.1,"growth mindsets enhanced technological self-efficacy and reduced technological anxiety, producing more favorable ChatGPT attitudes for travel services | social influence strengthened the self-efficacy pathway while weakening the anxiety pathway",,
42522,Optimal Inference for Spot Regressions,American Economic Review,True,spot regressions; time-varying betas; high-frequency data; nonparametric estimation,nonparametric estimation; high-frequency data analysis; event study,high-frequency financial data,False,digital_trace_methods,9.0,Betas from return regressions are commonly used to measure systematic financial market risks. | We introduce a novel econometric framework for the nonparametric estimation of time-varying betas with high-frequency data.,,
116865,What Is the Active Prevalence of COVID-19?,The Review of Economics and Statistics,True,COVID-19 active prevalence estimation; sample selection correction; testing data bias,statistical method; validation study,publicly available testing data; randomized sample in Utah,False,ai_in_organizations,0.0,"We provide a method to track the active prevalence of COVID-19 in real time, correcting for time-varying sample selection in symptom-based testing data and incomplete tracking of recovered cases and fatalities. | Applying our method to all 50 states, we show that true prevalence is 2–3 times higher ",,
88055,Common ownership and innovation efficiency,Journal of Financial Economics,True,common ownership; innovation efficiency; venture capital,project-level data analysis,project-level data on pharmaceutical startups; venture capital investors,False,digital_trace_methods,17.3,"common ownership leads VCs to hold back projects, withhold funding, and redirect innovation at lagging startups | Effects are stronger where R&D costs are larger",,
94424,"The link between personality, global, and domain-specific satisfaction across the adult lifespan.",Journal of Personality and Social Psychology,True,personality and satisfaction; life satisfaction; domain-specific satisfaction,longitudinal survey,survey,False,employee_wellbeing,66.9,emotional stability showed the strongest associations with both global and domain-specific satisfaction | conscientiousness was the strongest correlate of work satisfaction,,
1756,Two-Stage Optimization Design Framework for Tower Crane Layout Planning in Modular Integrated Construction Considering T,Journal of Construction Engineering and Management,True,tower crane layout planning; modular integrated construction; multiobjective optimization; construction safety,multiobjective optimization; nondominated sorting genetic algorithm III; multiobjective particle swarm optimization; technique for order of preference by similarity to ideal solution; case study,case study of a MiC project in Hong Kong,False,ai_in_organizations,8.5,"a 26% increase in hoisting efficiency, a 9.3% improvement in operator visibility, and a 23.8% reduction in total lifting moment compared to the original layout",,
119748,"Finite mixture (or latent class) modeling in transportation: Trends, usage, potential, and future directions",Transportation Research Part B Methodological,True,finite mixture modeling; latent class modeling; heterogeneity in travel behavior,finite mixture modeling; latent class analysis; nonnegative matrix factorization; systematic review,Scopus database,False,digital_trace_methods,15.9,Accounting for some types of heterogeneity has been an important pathway to improving our models in the transportation domain | We identify six subdomains in transportation with the aid of nonnegative matrix factorization,,
113767,Perceptions of plague in eighteenth‐century Europe†,The Economic History Review,True,plague epidemics; quarantine policies; contagion debate,historical analysis,historical records,False,ai_in_organizations,0.0,"European governors were unanimous in insisting on rigid quarantine and other measures for containing the disease developed over previous centuries, despite their ignorance of plague's precise causes. | physicians across Europe were more deeply divided than they had ever been on the issue of contagio",,
78205,QML and Efficient GMM Estimation of Spatial Autoregressive Models with Dominant (Popular) Units,Journal of Business and Economic Statistics,True,spatial autoregressive models; QML estimation; GMM estimation; dominant units,QML; GMM; Monte Carlo simulation,trade flow network data,False,ai_in_organizations,0.0,the column sums of the spatial weights matrix might not be uniformly bounded | Asymptotic distributions of QML and GMM estimators are derived under this setting,,
31032,Biocentric Work in the Anthropocene: How Actors Regenerate Degenerated Natural Commons,Journal of Management Studies,True,biocentric work; natural commons regeneration; social-symbolic work; Anthropocene,immersive ethnography; multi-sited ethnography; inductive theorizing,ethnographic observation; interviews,False,employee_wellbeing,10.0,"Using a five‐year multi‐sited immersive ethnography of natural commons that had collapsed, we explain how actors (re)turn to the biophysical roots of socio‐ecological systems to take care, work with, and care for nature. | We inductively theorize biocentric work as a processual form of social‐symbol",,
91879,Monetization Of Digital Content: Drivers Of Revenue On Q&amp;A Platforms,Journal of Management Information Systems,True,digital content monetization; paid Q&A platforms; revenue drivers,empirical study; regression analysis,Weibo Q&A platform data,False,digital_trace_methods,27.8,This study draws upon signaling theory to identify the drivers of the sales of paid viewership. | We found the positive impacts of social media status and social endorsement on the sales of paid viewership.,,
60248,Reviving China’s global footprint along the Silk Roads and the ‘Belt and Road Initiative’: Chinese overseas industrial p,Business History,True,Belt and Road Initiative; Chinese overseas industrial park; global business history,qualitative case study,historical analysis; case study of industrial park,False,ai_in_organizations,7.4,"Informed by the history of the Silk Roads, we articulate China’s role in global business history with a focus on identifying key characteristics that underpinned ancient Chinese relations with Egypt. | By juxtaposing co-evolution and institutional perspectives as the theoretical framework, our empir",,
122643,The Electric Vehicle Routing Problem with Capacitated Charging Stations,Transportation Science,True,electric vehicle routing; capacitated charging stations; nonlinear charging functions,iterated local search; branch-and-cut; continuous-time model,,False,ai_in_organizations,0.0,We introduce a continuous-time model formulation for the problem. | We show that our algorithm effectively deals with the E-VRP-NL-C.,,
8217,JEH volume 86 issue 1 Cover and Back matter,The Journal of Economic History,True,,,,True,ai_in_organizations,0.0,,,
1601,The impact of sustainable finance literacy on investment decisions,Journal of Banking & Finance,True,sustainable finance literacy; investment decisions; educational program,randomized controlled trial; incentivized choice experiment,experiment,False,ai_in_organizations,8.3,"Through a randomized controlled trial and an incentivized choice experiment, we found that our SFL program significantly improves literacy. | The program also increased the probability of investing in a highly sustainable fund by 6 percentage points on the extensive margin and decreased allocations ",,
17310,Citizens’ participation in local energy communities: the role of technology as a stimulus,European Journal of Information Systems,True,citizen participation; local energy communities; technology as stimulus; sustainable development,mixed-methods,,False,ai_in_organizations,11.5,"the impact of technological factors as a stimulus on more social outcomes, namely the organism and response behaviours | strong impact of sustainable technologies and gamification in citizens’ attitudes",,
104373,Optimal Dynamic Appointment Scheduling of Base and Surge Capacity,Manufacturing & Service Operations Management,True,dynamic appointment scheduling; base and surge capacity; preventative maintenance; healthcare operations,stochastic dynamic programming; numerical simulation,,False,ai_in_organizations,10.0,"We study dynamic stochastic appointment scheduling when delaying appointments increases the risk of incurring costly failures | Intuitive appointment policies used in practice are robust under moderate capacity utilization, but their optimality gap can quadruple under high load.",,
87405,Searching for Gambles: Gambling Sentiment and Stock Market Outcomes,Journal of Financial and Quantitative Analysis,True,gambling sentiment; stock market outcomes; lottery stocks; investor demand,text analysis; empirical archival,Internet search volume,False,digital_trace_methods,49.0,"Using Internet search volume for lottery to capture gambling sentiment shifts | when the overall gambling sentiment is strong, investor demand for lottery stocks increases",,
24714,Leveraging Semisupervised Learning for Domain Adaptation: Enhancing Safety at Construction Sites through Long-Tailed Obj,Journal of Construction Engineering and Management,True,construction site safety; computer vision; domain adaptation; long-tailed object detection; semisupervised learning,semisupervised learning; domain adaptation; object detection; deep learning,AIHub; CrowdHuman; CCTV data,False,ai_in_organizations,58.9,The advancement of deep learning has led to a growing demand and increase in research on computer vision–based construction site monitoring for improved safety and operational efficiency. | this study proposes a novel approach to improve safety and operational efficiency at construction sites by lev,,
